{
    "utterances": [
        {
            "text": "7 days before",
            "entities": [],
            "traits": []
        },
        {
            "text": "Air Europa",
            "entities": [],
            "traits": []
        },
        {
            "text": "Argentina",
            "entities": [],
            "traits": []
        },
        {
            "text": "Buenos aires",
            "entities": [],
            "traits": []
        },
        {
            "text": "Buy tickets to Miami",
            "entities": [
                {
                    "entity": "wit$location:location",
                    "start": 15,
                    "end": 20,
                    "body": "Miami",
                    "entities": []
                }
            ],
            "traits": [],
            "intent": "flights_search"
        },
        {
            "text": "Buy tickets to paris",
            "entities": [
                {
                    "entity": "wit$location:location",
                    "start": 15,
                    "end": 20,
                    "body": "paris",
                    "entities": []
                }
            ],
            "traits": []
        },
        {
            "text": "Change my default city to Barcelona please",
            "entities": [
                {
                    "entity": "wit$location:location",
                    "start": 26,
                    "end": 35,
                    "body": "Barcelona",
                    "entities": []
                }
            ],
            "traits": [],
            "intent": "settings_change_city"
        },
        {
            "text": "Flight Asuncion next friday for 7 days",
            "entities": [
                {
                    "entity": "wit$location:location",
                    "start": 7,
                    "end": 15,
                    "body": "Asuncion",
                    "entities": []
                },
                {
                    "entity": "wit$datetime:datetime",
                    "start": 16,
                    "end": 38,
                    "body": "next friday for 7 days",
                    "entities": []
                }
            ],
            "traits": [],
            "intent": "flights_search"
        },
        {
            "text": "Flights to Asuncion next monday for 15 days",
            "entities": [
                {
                    "entity": "wit$location:location",
                    "start": 11,
                    "end": 19,
                    "body": "Asuncion",
                    "entities": []
                },
                {
                    "entity": "wit$datetime:datetime",
                    "start": 20,
                    "end": 43,
                    "body": "next monday for 15 days",
                    "entities": []
                }
            ],
            "traits": [],
            "intent": "flights_search"
        },
        {
            "text": "Flights to Miami on Monday for 7 days",
            "entities": [
                {
                    "entity": "wit$datetime:datetime",
                    "start": 17,
                    "end": 37,
                    "body": "on Monday for 7 days",
                    "entities": []
                },
                {
                    "entity": "wit$location:location",
                    "start": 11,
                    "end": 16,
                    "body": "Miami",
                    "entities": []
                }
            ],
            "traits": [],
            "intent": "flights_search"
        },
        {
            "text": "Fligths  to Asuncion next friday for 7 days",
            "entities": [
                {
                    "entity": "wit$location:location",
                    "start": 12,
                    "end": 20,
                    "body": "Asuncion",
                    "entities": []
                },
                {
                    "entity": "wit$datetime:datetime",
                    "start": 21,
                    "end": 43,
                    "body": "next friday for 7 days",
                    "entities": []
                }
            ],
            "traits": [],
            "intent": "flights_search"
        },
        {
            "text": "Hello",
            "entities": [],
            "traits": [],
            "intent": "greeting"
        },
        {
            "text": "I appreciate it",
            "entities": [],
            "traits": [],
            "intent": "thanks"
        },
        {
            "text": "I want to buy tickets to Paris",
            "entities": [
                {
                    "entity": "wit$location:location",
                    "start": 25,
                    "end": 30,
                    "body": "Paris",
                    "entities": []
                }
            ],
            "traits": []
        },
        {
            "text": "I want to departure  next monday and return in 5 days",
            "entities": [],
            "traits": []
        },
        {
            "text": "I want to fly",
            "entities": [],
            "traits": [],
            "intent": "flights_search"
        },
        {
            "text": "I want to fly from Palma to Paris",
            "entities": [
                {
                    "entity": "wit$location:location",
                    "start": 19,
                    "end": 24,
                    "body": "Palma",
                    "entities": []
                },
                {
                    "entity": "wit$location:location",
                    "start": 28,
                    "end": 33,
                    "body": "Paris",
                    "entities": []
                }
            ],
            "traits": [],
            "intent": "flights_search"
        },
        {
            "text": "I want to fly to Madrid",
            "entities": [
                {
                    "entity": "wit$location:location",
                    "start": 17,
                    "end": 23,
                    "body": "Madrid",
                    "entities": []
                }
            ],
            "traits": [],
            "intent": "flights_search"
        },
        {
            "text": "I want to travel",
            "entities": [],
            "traits": []
        },
        {
            "text": "I whant to flight to Miami",
            "entities": [
                {
                    "entity": "wit$location:location",
                    "start": 21,
                    "end": 26,
                    "body": "Miami",
                    "entities": []
                }
            ],
            "traits": []
        },
        {
            "text": "I'm so grateful.",
            "entities": [],
            "traits": [],
            "intent": "thanks"
        },
        {
            "text": "Madrid Spain",
            "entities": [],
            "traits": []
        },
        {
            "text": "Need a flight for tomorrow",
            "entities": [
                {
                    "entity": "wit$datetime:datetime",
                    "start": 18,
                    "end": 26,
                    "body": "tomorrow",
                    "entities": []
                }
            ],
            "traits": [],
            "intent": "flights_search"
        },
        {
            "text": "New york",
            "entities": [
                {
                    "entity": "wit$location:location",
                    "start": 0,
                    "end": 8,
                    "body": "New york",
                    "entities": []
                }
            ],
            "traits": []
        },
        {
            "text": "Paris France",
            "entities": [],
            "traits": []
        },
        {
            "text": "Talk a differente language",
            "entities": [],
            "traits": []
        },
        {
            "text": "Ticket to Paris",
            "entities": [
                {
                    "entity": "wit$location:location",
                    "start": 10,
                    "end": 15,
                    "body": "Paris",
                    "entities": []
                }
            ],
            "traits": [],
            "intent": "flights_search"
        },
        {
            "text": "Tickets to Barcelona",
            "entities": [
                {
                    "entity": "wit$location:location",
                    "start": 11,
                    "end": 20,
                    "body": "Barcelona",
                    "entities": []
                }
            ],
            "traits": [],
            "intent": "flights_search"
        },
        {
            "text": "Tickets to Madrid next week for 20 days",
            "entities": [
                {
                    "entity": "wit$location:location",
                    "start": 11,
                    "end": 17,
                    "body": "Madrid",
                    "entities": []
                },
                {
                    "entity": "wit$datetime:datetime",
                    "start": 18,
                    "end": 39,
                    "body": "next week for 20 days",
                    "entities": []
                }
            ],
            "traits": [],
            "intent": "flights_search"
        },
        {
            "text": "Tickets to Paris",
            "entities": [
                {
                    "entity": "wit$location:location",
                    "start": 11,
                    "end": 16,
                    "body": "Paris",
                    "entities": []
                }
            ],
            "traits": [],
            "intent": "flights_search"
        },
        {
            "text": "Tickets to Paris from London",
            "entities": [
                {
                    "entity": "wit$location:location",
                    "start": 11,
                    "end": 16,
                    "body": "Paris",
                    "entities": []
                },
                {
                    "entity": "wit$location:location",
                    "start": 22,
                    "end": 28,
                    "body": "London",
                    "entities": []
                }
            ],
            "traits": [],
            "intent": "flights_search"
        },
        {
            "text": "To Madrid",
            "entities": [],
            "traits": []
        },
        {
            "text": "To Montevideo",
            "entities": [],
            "traits": []
        },
        {
            "text": "Want ti flight to to barcelona",
            "entities": [
                {
                    "entity": "wit$location:location",
                    "start": 21,
                    "end": 30,
                    "body": "barcelona",
                    "entities": []
                }
            ],
            "traits": []
        },
        {
            "text": "Want to buy tickerts to fligth to New York",
            "entities": [],
            "traits": []
        },
        {
            "text": "Want to buy tickets",
            "entities": [],
            "traits": []
        },
        {
            "text": "Want to change my defaut city",
            "entities": [],
            "traits": [],
            "intent": "settings_change_city"
        },
        {
            "text": "Want to flight",
            "entities": [],
            "traits": [],
            "intent": "flights_search"
        },
        {
            "text": "Want to flight to New york",
            "entities": [
                {
                    "entity": "wit$location:location",
                    "start": 18,
                    "end": 26,
                    "body": "New york",
                    "entities": []
                }
            ],
            "traits": []
        },
        {
            "text": "Want to fly",
            "entities": [],
            "traits": [],
            "intent": "flights_search"
        },
        {
            "text": "Want to fly to Argentina next monday for 15 days",
            "entities": [
                {
                    "entity": "wit$location:location",
                    "start": 15,
                    "end": 24,
                    "body": "Argentina",
                    "entities": []
                },
                {
                    "entity": "wit$datetime:datetime",
                    "start": 25,
                    "end": 48,
                    "body": "next monday for 15 days",
                    "entities": []
                }
            ],
            "traits": [],
            "intent": "flights_search"
        },
        {
            "text": "Want to fly to Asunci\u00f3n, next Monday for 5 days.",
            "entities": [
                {
                    "entity": "wit$location:location",
                    "start": 15,
                    "end": 23,
                    "body": "Asunci\u00f3n",
                    "entities": []
                },
                {
                    "entity": "wit$datetime:datetime",
                    "start": 25,
                    "end": 47,
                    "body": "next Monday for 5 days",
                    "entities": []
                }
            ],
            "traits": [],
            "intent": "flights_search"
        },
        {
            "text": "Want to fly to Barcelona",
            "entities": [
                {
                    "entity": "wit$location:location",
                    "start": 15,
                    "end": 24,
                    "body": "Barcelona",
                    "entities": []
                }
            ],
            "traits": [],
            "intent": "flights_search"
        },
        {
            "text": "Want to fly to Buenos Aires next monday for 15 days",
            "entities": [
                {
                    "entity": "wit$location:location",
                    "start": 15,
                    "end": 27,
                    "body": "Buenos Aires",
                    "entities": []
                },
                {
                    "entity": "wit$datetime:datetime",
                    "start": 28,
                    "end": 51,
                    "body": "next monday for 15 days",
                    "entities": []
                }
            ],
            "traits": [],
            "intent": "flights_search"
        },
        {
            "text": "Want to fly to Madrid next week for 20 days",
            "entities": [
                {
                    "entity": "wit$datetime:datetime",
                    "start": 22,
                    "end": 43,
                    "body": "next week for 20 days",
                    "entities": []
                },
                {
                    "entity": "wit$location:location",
                    "start": 15,
                    "end": 21,
                    "body": "Madrid",
                    "entities": []
                }
            ],
            "traits": [],
            "intent": "flights_search"
        },
        {
            "text": "Want to fly to Paris",
            "entities": [
                {
                    "entity": "wit$location:location",
                    "start": 15,
                    "end": 20,
                    "body": "Paris",
                    "entities": []
                }
            ],
            "traits": [],
            "intent": "flights_search"
        },
        {
            "text": "Want to speack in Spanish",
            "entities": [
                {
                    "entity": "wit$location:location",
                    "start": 18,
                    "end": 25,
                    "body": "Spanish",
                    "entities": []
                }
            ],
            "traits": []
        },
        {
            "text": "Want to travel to Madrid",
            "entities": [
                {
                    "entity": "wit$location:location",
                    "start": 18,
                    "end": 24,
                    "body": "Madrid",
                    "entities": []
                }
            ],
            "traits": [],
            "intent": "flights_search"
        },
        {
            "text": "Yes",
            "entities": [],
            "traits": []
        },
        {
            "text": "buy a airplane ticket",
            "entities": [],
            "traits": []
        },
        {
            "text": "buy tickets",
            "entities": [],
            "traits": [],
            "intent": "flights_search"
        },
        {
            "text": "buy tickets to Paris",
            "entities": [
                {
                    "entity": "wit$location:location",
                    "start": 15,
                    "end": 20,
                    "body": "Paris",
                    "entities": []
                }
            ],
            "traits": [],
            "intent": "flights_search"
        },
        {
            "text": "flights to paris",
            "entities": [
                {
                    "entity": "wit$location:location",
                    "start": 11,
                    "end": 16,
                    "body": "paris",
                    "entities": []
                }
            ],
            "traits": [],
            "intent": "flights_search"
        },
        {
            "text": "from january 30, 2023",
            "entities": [],
            "traits": []
        },
        {
            "text": "from miami",
            "entities": [],
            "traits": []
        },
        {
            "text": "from monday to september 14",
            "entities": [],
            "traits": []
        },
        {
            "text": "hello",
            "entities": [],
            "traits": [],
            "intent": "greeting"
        },
        {
            "text": "hola",
            "entities": [],
            "traits": [],
            "intent": "greeting"
        },
        {
            "text": "new york city",
            "entities": [],
            "traits": []
        },
        {
            "text": "next monday for 7 days",
            "entities": [],
            "traits": []
        },
        {
            "text": "next sunday",
            "entities": [],
            "traits": []
        },
        {
            "text": "search for a flight",
            "entities": [],
            "traits": [],
            "intent": "flights_search"
        },
        {
            "text": "thank you",
            "entities": [],
            "traits": [],
            "intent": "thanks"
        },
        {
            "text": "thanks",
            "entities": [],
            "traits": [],
            "intent": "thanks"
        },
        {
            "text": "to Barcelona",
            "entities": [
                {
                    "entity": "wit$location:location",
                    "start": 3,
                    "end": 12,
                    "body": "Barcelona",
                    "entities": []
                }
            ],
            "traits": []
        },
        {
            "text": "tomorrow for 7 days",
            "entities": [],
            "traits": []
        },
        {
            "text": "want to buy flight tickets",
            "entities": [],
            "traits": [],
            "intent": "flights_search"
        },
        {
            "text": "want to flight from madrid to barcelona",
            "entities": [
                {
                    "entity": "wit$location:location",
                    "start": 20,
                    "end": 26,
                    "body": "madrid",
                    "entities": []
                },
                {
                    "entity": "wit$location:location",
                    "start": 30,
                    "end": 39,
                    "body": "barcelona",
                    "entities": []
                }
            ],
            "traits": []
        },
        {
            "text": "want to flight to new york",
            "entities": [
                {
                    "entity": "wit$location:location",
                    "start": 18,
                    "end": 26,
                    "body": "new york",
                    "entities": []
                }
            ],
            "traits": []
        }
    ]
}
