{
    "utterances": [
        {
            "text": "Como estas ?",
            "entities": [],
            "traits": [],
            "intent": "greeting"
        },
        {
            "text": "Comprar vuelos para el 4 de agosto y retornar el 14 de septiembre",
            "entities": [
                {
                    "entity": "wit$datetime:datetime",
                    "start": 20,
                    "end": 34,
                    "body": "el 4 de agosto",
                    "entities": []
                },
                {
                    "entity": "wit$datetime:datetime",
                    "start": 46,
                    "end": 65,
                    "body": "el 14 de septiembre",
                    "entities": []
                }
            ],
            "traits": [],
            "intent": "flights_search"
        },
        {
            "text": "Gracias",
            "entities": [],
            "traits": [],
            "intent": "thanks"
        },
        {
            "text": "Quero volar",
            "entities": [],
            "traits": [],
            "intent": "flights_search"
        },
        {
            "text": "Quiero coprar un vuelo para Londres el proximo Martes y retornar en 7 d\u00edas",
            "entities": [
                {
                    "entity": "wit$location:location",
                    "start": 28,
                    "end": 35,
                    "body": "Londres",
                    "entities": []
                },
                {
                    "entity": "wit$datetime:datetime",
                    "start": 36,
                    "end": 53,
                    "body": "el proximo Martes",
                    "entities": []
                },
                {
                    "entity": "wit$datetime:datetime",
                    "start": 65,
                    "end": 74,
                    "body": "en 7 d\u00edas",
                    "entities": []
                }
            ],
            "traits": [],
            "intent": "flights_search"
        },
        {
            "text": "Quiero viajar a Paris el Domingo",
            "entities": [
                {
                    "entity": "wit$location:location",
                    "start": 16,
                    "end": 21,
                    "body": "Paris",
                    "entities": []
                },
                {
                    "entity": "wit$datetime:datetime",
                    "start": 22,
                    "end": 32,
                    "body": "el Domingo",
                    "entities": []
                }
            ],
            "traits": [],
            "intent": "flights_search"
        },
        {
            "text": "Quiero volar a Madrid el pr\u00f3ximo lunes y volver en 7 d\u00edas",
            "entities": [
                {
                    "entity": "wit$location:location",
                    "start": 15,
                    "end": 21,
                    "body": "Madrid",
                    "entities": []
                },
                {
                    "entity": "wit$datetime:datetime",
                    "start": 22,
                    "end": 38,
                    "body": "el pr\u00f3ximo lunes",
                    "entities": []
                },
                {
                    "entity": "wit$datetime:datetime",
                    "start": 48,
                    "end": 57,
                    "body": "en 7 d\u00edas",
                    "entities": []
                }
            ],
            "traits": [],
            "intent": "flights_search"
        },
        {
            "text": "Quiero volar a Miami la proxima semana",
            "entities": [
                {
                    "entity": "wit$location:location",
                    "start": 15,
                    "end": 20,
                    "body": "Miami",
                    "entities": []
                },
                {
                    "entity": "wit$datetime:datetime",
                    "start": 21,
                    "end": 38,
                    "body": "la proxima semana",
                    "entities": []
                }
            ],
            "traits": [],
            "intent": "flights_search"
        },
        {
            "text": "Quiero volar a Paris",
            "entities": [
                {
                    "entity": "wit$location:location",
                    "start": 15,
                    "end": 20,
                    "body": "Paris",
                    "entities": []
                }
            ],
            "traits": [],
            "intent": "flights_search"
        },
        {
            "text": "Vuelo de ida a Paris",
            "entities": [
                {
                    "entity": "wit$location:location",
                    "start": 15,
                    "end": 20,
                    "body": "Paris",
                    "entities": []
                }
            ],
            "traits": [],
            "intent": "flights_search"
        },
        {
            "text": "quiero comprar un ticket de avion",
            "entities": [],
            "traits": [],
            "intent": "flights_search"
        }
    ]
}
